comment;sentiment
"This game is amazing, I love every detail";2
"The gameplay of this game is exceptional";2
"The levels in this game are so well-designed";2
"The graphics of this game are stunning";2
"The story of this game is epic, it has me hooked";2
"This game is addictive, I can't stop playing it";2
"I love the variety of characters in this game";2
"The open world of this game is incredibly vast";2
"The sound effects in this game are awesome";2
"The soundtrack of this game is fantastic";2
"It's an okay game, it entertains me";1
"It's not bad, but it could be better";1
"I expected more from this game, it leaves me a bit indifferent";1
"The gameplay of this game is average";1
"It's neither good nor bad, it's just okay";1
"It's a decent game, it doesn't stand out in anything";1
"The story of this game is a bit boring";1
"The graphics of this game are decent";1
"The controls of this game are a bit complicated";1
"It's a decent game, but there are better options";1
"This game is a complete waste of time";0
"I wouldn't recommend this game to anyone, it's terrible";0
"The gameplay of this game is horrible";0
"The graphics of this game are very bad";0
"The story of this game is confusing and boring";0
"The characters in this game are uninteresting";0
"It's a game full of bugs, you can't play it properly";0
"The music of this game is annoying";0
"The controls of this game are frustrating";0
"This game is a big disappointment, I expected much more";0
"This game is amazing, I love every detail";2
"The gameplay of this game is exceptional";2
"The levels in this game are so well-designed";2
"The graphics of this game are stunning";2
"The story of this game is epic, it has me hooked";2
"This game is addictive, I can't stop playing it";2
"I love the variety of characters in this game";2
"The open world of this game is incredibly vast";2
"The sound effects in this game are awesome";2
"The soundtrack of this game is fantastic";2
"It's an okay game, it entertains me";1
"It's not bad, but it could be better";1
"I expected more from this game, it leaves me a bit indifferent";1
"The gameplay of this game is average";1
"It's neither good nor bad, it's just okay";1
"It's a decent game, it doesn't stand out in anything";1
"The story of this game is a bit boring";1
"The graphics of this game are decent";1
"The controls of this game are a bit complicated";1
"It's a decent game, but there are better options";1
"This game is a complete waste of time";0
"I wouldn't recommend this game to anyone, it's terrible";0
"The gameplay of this game is horrible";0
"The graphics of this game are very bad";0
"The story of this game is confusing and boring";0
"The characters in this game are uninteresting";0
"It's a game full of bugs, you can't play it properly";0
"The music of this game is annoying";0
"The controls of this game are frustrating";0
"This game is a big disappointment, I expected much more";0
"This game is amazing, I love every detail";2
"The gameplay of this game is exceptional";2
"The levels in this game are so well-designed";2
"The graphics of this game are stunning";2
"The story of this game is epic, it has me hooked";2
"This game is addictive, I can't stop playing it";2
"I love the variety of characters in this game";2
"The open world of this game is incredibly vast";2
"The sound effects in this game are awesome";2
"The soundtrack of this game is fantastic";2
"It's an okay game, it entertains me";1
"It's not bad, but it could be better";1
"I expected more from this game, it leaves me a bit indifferent";1
"The gameplay of this game is average";1
"It's neither good nor bad, it's just okay";1
"It's a decent game, it doesn't stand out in anything";1
"The story of this game is a bit boring";1
"The graphics of this game are decent";1
"The controls of this game are a bit complicated";1
"It's a decent game, but there are better options";1
"This game is a complete waste of time";0
"I wouldn't recommend this game to anyone, it's terrible";0
"The gameplay of this game is horrible";0
"The graphics of this game are very bad";0
"The story of this game is confusing and boring";0
"The characters in this game are uninteresting";0
"It's a game full of bugs, you can't play it properly";0
"The music of this game is annoying";0
"The controls of this game are frustrating";0
"This game is a big disappointment, I expected much more";0
